feature,importance
cat__discharge_disposition_id_1,0.060490422
num__number_inpatient,0.047093313
cat__discharge_disposition_id_22,0.021796491
cat__diabetesMed_Yes,0.012949368
cat__discharge_disposition_id_3,0.012778183
cat__diag_1_group_Musculoskeletal,0.010517501
cat__discharge_disposition_id_5,0.009422307
num__number_emergency,0.009232521
cat__discharge_disposition_id_2,0.008978947
cat__diag_1_group_Circulatory,0.00887254
cat__diag_1_group_Mental disorders,0.0085154
cat__diag_3_group_Neoplasms,0.008473775
cat__discharge_disposition_id_6,0.007655112
num__number_diagnoses,0.0076493956
cat__diag_2_group_Neoplasms,0.0076392977
cat__discharge_disposition_id_23,0.0075001693
cat__age_[50-60),0.00748438
cat__discharge_disposition_id_28,0.007477733
cat__metformin_Steady,0.007358076
cat__admission_type_id_6,0.007233697
cat__diabetesMed_No,0.0071521294
cat__diag_1_group_Supplementary,0.006963053
cat__medical_specialty_grouped_Orthopedics-Reconstructive,0.0068929936
cat__insulin_No,0.0068441224
cat__medical_specialty_grouped_Surgery-General,0.006371028
cat__admission_source_id_7,0.0061299675
cat__age_[90-100),0.006060345
cat__metformin_No,0.006007303
cat__diag_1_group_Respiratory,0.00596668
cat__medical_specialty_grouped_Cardiology,0.0059453445
cat__diag_1_group_Pregnancy,0.0059318207
num__active_diabetes_meds,0.0058934307
num__diabetes_med_changes,0.005728273
cat__discharge_disposition_id_25,0.005690976
cat__payer_code_MC,0.0056844656
cat__payer_code_Unknown,0.0056428234
cat__discharge_disposition_id_15,0.005567383
cat__insulin_Down,0.0055671097
num__time_in_hospital,0.005548978
cat__race_Hispanic,0.0055259173
cat__race_Asian,0.005423557
cat__A1Cresult_>8,0.0054208757
cat__diag_2_group_Pregnancy,0.0054017897
cat__race_Unknown,0.0053952727
cat__max_glu_serum_NotMeasured,0.0053927014
cat__diag_3_group_Genitourinary,0.005368541
cat__pioglitazone_Up,0.005329669
cat__medical_specialty_grouped_InternalMedicine,0.005322695
cat__admission_source_id_17,0.0053149094
cat__payer_code_SP,0.005215579
cat__diag_1_group_Diabetes,0.005181092
cat__diag_3_group_Supplementary,0.005068888
cat__discharge_disposition_id_18,0.004989181
cat__age_[20-30),0.00498378
cat__payer_code_BC,0.0049543143
cat__age_[80-90),0.004947248
cat__admission_type_id_2,0.0049384506
cat__A1Cresult_NotMeasured,0.0048600878
cat__gender_Male,0.0048502693
num__num_procedures,0.004839414
cat__medical_specialty_grouped_Other,0.0047840057
cat__discharge_disposition_id_7,0.0047646314
num__num_medications,0.004749395
cat__glipizide_Steady,0.004737015
cat__diag_3_group_Pregnancy,0.004732939
cat__medical_specialty_grouped_Nephrology,0.004719457
cat__age_[10-20),0.004717737
cat__diag_2_group_Injury,0.004716054
cat__diag_3_group_Infectious,0.0046975086
cat__pioglitazone_No,0.0046902187
cat__medical_specialty_grouped_Family/GeneralPractice,0.0046821395
cat__diag_2_group_Digestive,0.004643085
cat__glimepiride_Steady,0.0046399687
cat__medical_specialty_grouped_Emergency/Trauma,0.0045614676
num__num_lab_procedures,0.004555508
cat__admission_source_id_4,0.004555298
cat__glyburide_No,0.004549553
cat__diag_2_group_Other,0.0045458623
cat__payer_code_HM,0.00452754
cat__diag_2_group_Skin,0.0045236573
cat__glipizide_Up,0.0045014624
cat__discharge_disposition_id_24,0.0044993856
cat__diag_1_group_Digestive,0.0044974335
cat__payer_code_DM,0.0044942885
cat__diag_2_group_Musculoskeletal,0.004480188
cat__glipizide_No,0.00446252
cat__diag_2_group_Circulatory,0.0044586533
cat__admission_type_id_8,0.00445162
cat__age_[40-50),0.004448612
cat__diag_1_group_Neoplasms,0.0044469037
cat__rosiglitazone_Steady,0.0044318535
cat__admission_source_id_5,0.0044284216
cat__rosiglitazone_No,0.0044153966
cat__A1Cresult_Norm,0.0044089397
cat__diag_2_group_Supplementary,0.004389726
cat__admission_type_id_3,0.004386597
num__number_outpatient,0.0043604765
cat__diag_2_group_Nervous system,0.0043520466
cat__max_glu_serum_Norm,0.0043509975
cat__payer_code_UN,0.0043365485
cat__change_No,0.0043294393
cat__diag_1_group_Infectious,0.004309454
cat__diag_1_group_Nervous system,0.0042647175
cat__admission_type_id_1,0.0042450246
cat__admission_source_id_1,0.0042312276
cat__diag_3_group_External injury,0.0042229937
cat__A1Cresult_>7,0.004210384
cat__diag_2_group_Respiratory,0.004207886
cat__diag_3_group_Respiratory,0.0041690315
cat__race_Caucasian,0.0041659568
cat__medical_specialty_grouped_Orthopedics,0.004161835
cat__diag_1_group_Genitourinary,0.004159929
cat__diag_2_group_Genitourinary,0.004147535
cat__diag_3_group_Skin,0.0041365977
cat__age_[0-10),0.0041157533
cat__race_AfricanAmerican,0.004111268
cat__age_[70-80),0.004110055
cat__diag_2_group_Diabetes,0.0041042957
cat__diag_3_group_Musculoskeletal,0.0041008135
cat__payer_code_WC,0.0040811226
cat__change_Ch,0.004050524
cat__admission_type_id_5,0.0040501878
cat__payer_code_OT,0.004047388
cat__metformin_Up,0.004024182
cat__diag_3_group_Digestive,0.004018402
cat__glyburide_Steady,0.0040113158
cat__race_Other,0.003997811
cat__diag_1_group_Skin,0.003974253
cat__payer_code_CH,0.003962961
cat__insulin_Up,0.003959462
cat__insulin_Steady,0.0039586034
cat__diag_3_group_Other,0.003957846
cat__medical_specialty_grouped_Unknown,0.0039547337
cat__admission_source_id_2,0.003952117
cat__max_glu_serum_>200,0.003946161
cat__diag_3_group_Symptoms/Signs,0.0039265174
cat__diag_3_group_Injury,0.003918431
cat__glimepiride_No,0.0038992641
cat__payer_code_CP,0.003889612
cat__glyburide_Down,0.003844552
cat__glyburide_Up,0.0038341843
cat__diag_3_group_Circulatory,0.0038196552
cat__glipizide_Down,0.0037806488
cat__gender_Female,0.003766636
cat__diag_3_group_Nervous system,0.0037611914
cat__diag_2_group_Infectious,0.0037571045
cat__diag_1_group_Endocrine/Metabolic,0.0037459233
cat__age_[30-40),0.0037413794
cat__admission_source_id_6,0.0037336461
cat__diag_1_group_Other,0.0036905531
cat__pioglitazone_Steady,0.0036888635
cat__payer_code_OG,0.0036794231
cat__payer_code_CM,0.0036708105
cat__diag_3_group_Diabetes,0.0036671488
cat__diag_3_group_Congenital,0.0036440324
cat__payer_code_PO,0.003624664
cat__metformin_Down,0.0035612069
cat__diag_2_group_External injury,0.003537403
cat__diag_2_group_Mental disorders,0.0035315915
cat__diag_3_group_Mental disorders,0.0034894724
cat__max_glu_serum_>300,0.003481174
cat__payer_code_MD,0.0034591674
cat__diag_1_group_Symptoms/Signs,0.003432935
cat__diag_1_group_Injury,0.003432602
cat__diag_2_group_Endocrine/Metabolic,0.0034058844
cat__diag_1_group_Congenital,0.003399351
cat__diag_2_group_Symptoms/Signs,0.0033695553
cat__admission_source_id_9,0.0033480118
cat__diag_3_group_Endocrine/Metabolic,0.0033447787
cat__medical_specialty_grouped_Radiologist,0.003278591
cat__rosiglitazone_Down,0.0031946972
cat__age_[60-70),0.0031481152
cat__diag_3_group_Unknown,0.0031062195
cat__discharge_disposition_id_4,0.002927128
cat__admission_source_id_3,0.0029042237
cat__glimepiride_Up,0.0028667098
cat__pioglitazone_Down,0.0028636872
cat__discharge_disposition_id_9,0.002698674
cat__payer_code_MP,0.0022128813
cat__admission_source_id_20,0.0021195665
cat__glimepiride_Down,0.002097668
cat__diag_2_group_Congenital,0.002047791
cat__diag_1_group_Unknown,0.0020276138
cat__rosiglitazone_Up,0.0018765498
cat__diag_2_group_Unknown,0.0018017819
cat__admission_type_id_7,0.0017189771
cat__discharge_disposition_id_12,0.0016788447
cat__discharge_disposition_id_17,0.0015201021
cat__discharge_disposition_id_16,0.0014552333
cat__admission_source_id_13,0.0
cat__admission_source_id_22,0.0
cat__admission_source_id_25,0.0
cat__admission_source_id_10,0.0
cat__admission_source_id_8,0.0
cat__discharge_disposition_id_27,0.0
cat__discharge_disposition_id_8,0.0
cat__discharge_disposition_id_10,0.0
cat__admission_type_id_4,0.0
cat__admission_source_id_14,0.0
cat__admission_source_id_11,0.0
cat__diag_1_group_External injury,0.0
cat__payer_code_SI,0.0
cat__payer_code_FR,0.0
